time,temperature,vibration,anomaly
2025-06-25 10:11:48.352393,75.56040442909357,0.017312879175406103,1
2025-06-25 10:11:58.352393,73.32134475869876,0.01710889019272606,1
2025-06-25 10:12:08.352393,70.6719819141418,0.015941796196431945,1
2025-06-25 10:12:18.352393,78.1020471668136,0.01918701943695285,1
2025-06-25 10:12:28.352393,77.48026668090438,0.02465707148309895,1
2025-06-25 10:12:38.352393,70.5465725019951,0.019957642092153154,1
2025-06-25 10:12:48.352393,71.6270841509442,0.01967505652765069,1
2025-06-25 10:12:58.352393,67.2864013709561,0.023048662851165205,1
2025-06-25 10:13:08.352393,68.49405280047907,0.01656701973697701,1
2025-06-25 10:13:18.352393,62.62250919606139,0.012804281403011384,1
2025-06-25 10:13:28.352393,69.24828715667782,0.016510596375070158,1
2025-06-25 10:13:38.352393,60.86839294423788,0.0010720719154920007,-1
2025-06-25 10:13:48.352393,73.01638536405768,0.016778401406296932,1
2025-06-25 10:13:58.352393,78.17044872231969,0.012456041585406617,1
2025-06-25 10:14:08.352393,70.63675956283294,0.016323926158407054,1
2025-06-25 10:14:18.352393,68.64814895971749,0.014153523676833877,1
2025-06-25 10:14:28.352393,69.95086578791565,0.01700618163071066,1
2025-06-25 10:14:38.352393,76.5060919218044,0.016488932133898793,1
2025-06-25 10:14:48.352393,70.86463524507494,0.016369878472361512,1
2025-06-25 10:14:58.352393,70.03645956452421,0.01814207117324538,1
2025-06-25 10:15:08.352393,71.99141647402453,0.01597146058345495,1
2025-06-25 10:15:18.352393,68.13616888964313,0.01638905762284278,1
2025-06-25 10:15:28.352393,74.18225550849715,0.024588975813864888,1
2025-06-25 10:15:38.352393,83.84819172155238,0.005202753296148228,-1
2025-06-25 10:15:48.352393,76.3515122594751,0.01095267579353569,1
2025-06-25 10:15:58.352393,53.50934596648508,0.030109754670759964,-1
2025-06-25 10:16:08.352393,70.30110683680851,0.023683229011732386,1
2025-06-25 10:16:18.352393,70.62062190345704,0.01749187490066783,1
2025-06-25 10:16:28.352393,74.05084910932571,0.01777252632095425,1
2025-06-25 10:16:38.352393,68.08780260825176,0.010531994483772702,1
2025-06-25 10:16:48.352393,73.55039305910383,0.018472344754342604,1
2025-06-25 10:16:58.352393,68.51946895759806,0.017194167220594556,1
2025-06-25 10:17:08.352393,87.54746365860166,0.02789221653714699,-1
2025-06-25 10:17:18.352393,75.13392607328059,0.022076711165277752,1
2025-06-25 10:17:28.352393,75.89668492442301,0.018514734726133467,1
2025-06-25 10:17:38.352393,70.19156719931888,0.019879749517492988,1
2025-06-25 10:17:48.352393,71.52575902820693,0.01391347614369963,1
2025-06-25 10:17:58.352393,74.67243304362113,0.017586533696379254,1
2025-06-25 10:18:08.352393,70.92428884811969,0.01685980843719372,1
2025-06-25 10:18:18.352393,76.42602217450653,0.022391999966217883,1
2025-06-25 10:18:28.352393,70.735614023508,0.01584083598453528,1
2025-06-25 10:18:38.352393,69.70878441077528,0.018109066215775814,1
2025-06-25 10:18:48.352393,75.20093468557187,0.021094762692610115,1
2025-06-25 10:18:58.352393,72.20493277973691,0.018039672445078463,1
2025-06-25 10:19:08.352393,75.13276786673734,0.014398878214919657,1
2025-06-25 10:19:18.352393,87.08985296619878,0.007905637820394133,-1
2025-06-25 10:19:28.352393,72.82862046772455,0.02276679077857733,1
2025-06-25 10:19:38.352393,68.12140276409369,0.019879243049895252,1
2025-06-25 10:19:48.352393,76.66086495570144,0.01841257962981361,1
2025-06-25 10:19:58.352393,71.52238524826147,0.01745497271174593,1
2025-06-25 10:20:08.352393,68.26179959343287,0.01955407595538014,1
2025-06-25 10:20:18.352393,65.48710176529693,0.0013926013028036817,-1
2025-06-25 10:20:28.352393,71.30408398228325,0.013685606878374435,1
2025-06-25 10:20:38.352393,67.53359728022816,0.01634471347835939,1
2025-06-25 10:20:48.352393,70.98152104143409,0.01477983116149726,1
2025-06-25 10:20:58.352393,75.29587478497271,0.02213215088732365,1
2025-06-25 10:21:08.352393,71.11570235741144,0.014348175559123561,1
2025-06-25 10:21:18.352393,73.68446618361997,0.017907161853680596,1
2025-06-25 10:21:28.352393,72.82948512073189,0.01747203317784014,1
2025-06-25 10:21:38.352393,76.17133088798958,0.01898280050192758,1
2025-06-25 10:21:48.352393,76.1955776893567,0.019149040813235606,1
2025-06-25 10:21:58.352393,74.45100422029097,0.01421861170639832,1
2025-06-25 10:22:08.352393,71.22718547636794,0.01843419498699084,1
2025-06-25 10:22:18.352393,73.29347321054392,0.01701113979804312,1
2025-06-25 10:22:28.352393,68.7625453043173,0.015731337473451172,1
2025-06-25 10:22:38.352393,72.36064443601813,0.021925579956966364,1
2025-06-25 10:22:48.352393,73.41402775919572,0.021178447743973015,1
2025-06-25 10:22:58.352393,68.29072646280301,0.016791234953397828,1
2025-06-25 10:23:08.352393,72.34489663142836,0.016260244330057096,1
2025-06-25 10:23:18.352393,73.12374952552287,0.01932297682226978,1
2025-06-25 10:23:28.352393,70.27748630716091,0.017273434252845707,1
2025-06-25 10:23:38.352393,73.03002022341511,0.013484206848378607,1
2025-06-25 10:23:48.352393,78.83846971735139,0.015003084713195775,1
2025-06-25 10:23:58.352393,76.62173096435718,0.01420989011540866,1
2025-06-25 10:24:08.352393,73.51153033776774,0.01752041348721834,1
2025-06-25 10:24:18.352393,72.33514497566863,0.01755988230755019,1
2025-06-25 10:24:28.352393,69.72349470917996,0.01596587385688543,1
2025-06-25 10:24:38.352393,70.28850207097847,0.02033165368448278,1
2025-06-25 10:24:48.352393,69.39361959859578,0.0176211397091028,1
2025-06-25 10:24:58.352393,72.34316206631118,0.02171716968028849,1
2025-06-25 10:25:08.352393,73.11874175462317,0.014679166050964254,1
2025-06-25 10:25:18.352393,70.07865091318318,0.01688091288842758,1
2025-06-25 10:25:28.352393,78.88382310766852,0.018714028779428828,1
2025-06-25 10:25:38.352393,72.18750336565338,0.02055802969136981,1
2025-06-25 10:25:48.352393,75.33454115988016,0.021803390312397943,1
2025-06-25 10:25:58.352393,74.93138702332033,0.024793860153539266,1
2025-06-25 10:26:08.352393,71.56712773436018,0.01698770143885342,1
2025-06-25 10:26:18.352393,73.18086155758586,0.018843505406723124,1
2025-06-25 10:26:28.352393,66.33040770349454,0.017573820415643836,1
2025-06-25 10:26:38.352393,70.9437898537283,0.018405108927842386,1
2025-06-25 10:26:48.352393,67.7166051942451,0.015049048597469479,1
2025-06-25 10:26:58.352393,67.30738238139965,0.017559638365395834,1
2025-06-25 10:27:08.352393,67.71510352883897,0.01712479997358953,1
2025-06-25 10:27:18.352393,71.73422669295437,0.017771175372339746,1
2025-06-25 10:27:28.352393,77.28409871438228,0.019736445883544337,1
2025-06-25 10:27:38.352393,74.9278369703719,0.01729810697973405,1
2025-06-25 10:27:48.352393,73.05322044791038,0.01743298846547624,1
2025-06-25 10:27:58.352393,68.4352983907726,0.024962569615459045,1
2025-06-25 10:28:08.352393,73.06364988404604,0.017130784632402824,1
2025-06-25 10:28:18.352393,71.88898336191653,0.01354560544883475,1
2025-06-25 10:28:28.352393,73.12320676747453,0.015481153027306918,1
2025-06-25 10:28:38.352393,69.07398036705258,0.024238719604534574,1
2025-06-25 10:28:48.352393,69.28177717018673,0.017240776096213193,1
2025-06-25 10:28:58.352393,71.24624434991043,0.017704241687661205,1
2025-06-25 10:29:08.352393,75.34592419799219,0.019990175992355363,1
2025-06-25 10:29:18.352393,73.74080678928011,0.015565398428341403,1
2025-06-25 10:29:28.352393,71.60773328311642,0.020787644462796642,1
2025-06-25 10:29:38.352393,69.62449375465997,0.01769423734976612,1
2025-06-25 10:29:48.352393,73.92859678410672,0.019998050146320518,1
2025-06-25 10:29:58.352393,72.60477969404937,0.018354638923061852,1
2025-06-25 10:30:08.352393,75.71196258476566,0.02059439827191451,1
2025-06-25 10:30:18.352393,68.1605631280009,0.011760729243630504,1
2025-06-25 10:30:28.352393,78.77521960032688,0.020616718742511524,1
2025-06-25 10:30:38.352393,77.10238476737798,0.016769840846630583,1
2025-06-25 10:30:48.352393,78.55288445202245,0.020714150042053795,1
2025-06-25 10:30:58.352393,67.87396674307423,0.020290572367377864,1
2025-06-25 10:31:08.352393,72.59183704062617,0.014676657679665698,1
2025-06-25 10:31:18.352393,72.2664563683625,0.013535346545946032,1
2025-06-25 10:31:28.352393,75.57021349794516,0.019050939781572497,1
2025-06-25 10:31:38.352393,72.90184930884189,0.02204644042369775,1
2025-06-25 10:31:48.352393,63.038647636873634,0.03310301974816844,-1
2025-06-25 10:31:58.352393,69.65615368975126,0.02128356920194969,1
2025-06-25 10:32:08.352393,74.34553929695825,0.018322912244644895,1
2025-06-25 10:32:18.352393,68.6009874467918,0.015861090352400825,1
2025-06-25 10:32:28.352393,72.51172394530927,0.020443216060878667,1
2025-06-25 10:32:38.352393,80.36168482027098,0.023243497957967485,1
2025-06-25 10:32:48.352393,73.87943821795854,0.020083382520592826,1
2025-06-25 10:32:58.352393,68.79042796759683,0.02119839063565248,1
2025-06-25 10:33:08.352393,71.6190817826773,0.012211524904353073,1
2025-06-25 10:33:18.352393,71.30162052575376,0.014779709961203404,1
2025-06-25 10:33:28.352393,70.94535406360164,0.01992284481943132,1
2025-06-25 10:33:38.352393,72.3192130648919,0.012983846724089605,1
2025-06-25 10:33:48.352393,67.5452341666368,0.015993035319195846,1
2025-06-25 10:33:58.352393,74.3798634734405,0.014829286616737726,1
2025-06-25 10:34:08.352393,71.21332635336876,0.019422796334911625,1
2025-06-25 10:34:18.352393,73.68226307409307,0.015377594653896213,1
2025-06-25 10:34:28.352393,74.61397366885087,0.017389410313884687,1
2025-06-25 10:34:38.352393,70.84397835314466,0.021881277818862746,1
2025-06-25 10:34:48.352393,76.00235161192046,0.02067679344592466,1
2025-06-25 10:34:58.352393,69.96118790427583,0.011763188748351045,1
2025-06-25 10:35:08.352393,70.28167898171374,0.01426488776779693,1
2025-06-25 10:35:18.352393,70.87079503065904,0.020414142950269554,1
2025-06-25 10:35:28.352393,66.8458345744448,0.016741795041556,1
2025-06-25 10:35:38.352393,73.02636766298639,0.017208689841461663,1
2025-06-25 10:35:48.352393,70.35810933581125,0.021677888364017777,1
2025-06-25 10:35:58.352393,68.96033585801042,0.015691993480953258,1
2025-06-25 10:36:08.352393,69.81882176400832,0.016218127559412827,1
2025-06-25 10:36:18.352393,72.23412642195852,0.021904121700230955,1
2025-06-25 10:36:28.352393,65.41675169924537,0.017687910644387,1
2025-06-25 10:36:38.352393,72.65917537969557,0.012600403426438044,1
2025-06-25 10:36:48.352393,74.37447871226041,0.01863001130323591,1
2025-06-25 10:36:58.352393,69.13410489777031,0.015199505940342084,1
2025-06-25 10:37:08.352393,68.82598025385897,0.020504228151879758,1
2025-06-25 10:37:18.352393,75.20141574477026,0.019734656098371103,1
2025-06-25 10:37:28.352393,72.17429161881635,0.022791164959518793,1
2025-06-25 10:37:38.352393,58.74520846084597,0.0320200097876258,-1
2025-06-25 10:37:48.352393,69.92184197289531,0.01969841046725059,1
2025-06-25 10:37:58.352393,78.74838849978913,0.017743679170071445,1
2025-06-25 10:38:08.352393,70.12608616560449,0.015698531319743855,1
2025-06-25 10:38:18.352393,72.75633199361397,0.018059591334351633,1
2025-06-25 10:38:28.352393,68.88943929646096,0.01728994685516814,1
2025-06-25 10:38:38.352393,64.51416937428532,0.02155944724034292,1
2025-06-25 10:38:48.352393,73.6376243058921,0.01343228090584549,1
2025-06-25 10:38:58.352393,66.80620393264836,0.014667816791406758,1
2025-06-25 10:39:08.352393,70.3411508212143,0.021007371075729524,1
2025-06-25 10:39:18.352393,70.28868801989069,0.014665345493360672,1
2025-06-25 10:39:28.352393,59.351956073046594,0.03103651497087459,-1
2025-06-25 10:39:38.352393,67.48004718964518,0.01991877944105646,1
2025-06-25 10:39:48.352393,72.32886025902809,0.02170334434069109,1
2025-06-25 10:39:58.352393,74.01989830155858,0.019723302779921185,1
2025-06-25 10:40:08.352393,70.66244988960995,0.014888569038472835,1
2025-06-25 10:40:18.352393,76.83927802276735,0.014867568946036837,1
2025-06-25 10:40:28.352393,72.12388986917259,0.016053342537627878,1
2025-06-25 10:40:38.352393,55.45172221905879,0.03736210301333527,-1
2025-06-25 10:40:48.352393,72.17198889484578,0.015745789694473315,1
2025-06-25 10:40:58.352393,75.71923870877328,0.02237469330934343,1
2025-06-25 10:41:08.352393,67.9667634391523,0.015362738366141295,1
2025-06-25 10:41:18.352393,79.03413697816525,0.018575952378449934,1
2025-06-25 10:41:28.352393,86.13135264865016,0.03080865921462253,-1
2025-06-25 10:41:38.352393,75.41899327134965,0.01931264874379979,1
2025-06-25 10:41:48.352393,73.43714181004877,0.020339042258188774,1
2025-06-25 10:41:58.352393,64.40915032644763,0.022396705423255454,1
2025-06-25 10:42:08.352393,62.08374498671907,0.0020818614437848083,-1
2025-06-25 10:42:18.352393,67.67011234899574,0.015507329835451514,1
2025-06-25 10:42:28.352393,71.17228702182227,0.013502032462475885,1
2025-06-25 10:42:38.352393,72.58818783457995,0.017744151213733333,1
2025-06-25 10:42:48.352393,73.56960215076529,0.019521979245949995,1
2025-06-25 10:42:58.352393,73.41009084011287,0.020489087087892488,1
2025-06-25 10:43:08.352393,69.70898432478258,0.02066340358220992,1
2025-06-25 10:43:18.352393,74.80955790660376,0.018769296677339047,1
2025-06-25 10:43:28.352393,68.81929808627015,0.01910010575069059,1
2025-06-25 10:43:38.352393,76.16142220619484,0.0206548899786095,1
2025-06-25 10:43:48.352393,71.31776596184842,0.016700477491117968,1
2025-06-25 10:43:58.352393,71.68475488503712,0.017550470985788835,1
2025-06-25 10:44:08.352393,73.04913170941136,0.015686626521860973,1
2025-06-25 10:44:18.352393,54.406857194121386,0.0015423051410682273,-1
2025-06-25 10:44:28.352393,75.12042962809078,0.021561220974419384,1
2025-06-25 10:44:38.352393,73.10415763707555,0.018738507803416807,1
2025-06-25 10:44:48.352393,74.23443942304235,0.02301297163813182,1
2025-06-25 10:44:58.352393,70.94262449336713,0.017862195981013185,1
2025-06-25 10:45:08.352393,74.83398764469294,0.024623680929312403,1
2025-06-25 10:45:18.352393,79.6490606183508,0.015056959082189618,1
2025-06-25 10:45:28.352393,73.52070584726178,0.015399054149925252,1
2025-06-25 10:45:38.352393,75.59768611230045,0.02106962681810876,1
2025-06-25 10:45:48.352393,72.31833447767792,0.017931125728255837,1
2025-06-25 10:45:58.352393,64.34732088493772,0.022473235558188042,1
2025-06-25 10:46:08.352393,78.19324520750621,0.022917209829256702,1
2025-06-25 10:46:18.352393,76.73918886806335,0.01785242619509214,1
2025-06-25 10:46:28.352393,72.26608359921485,0.016043934232223795,1
2025-06-25 10:46:38.352393,74.44771871667203,0.01813999031342064,1
2025-06-25 10:46:48.352393,72.89559791801011,0.018859325602224978,1
2025-06-25 10:46:58.352393,73.10077733631614,0.019842770482232746,1
2025-06-25 10:47:08.352393,70.3010751624414,0.022434575120615648,1
2025-06-25 10:47:18.352393,73.50616002846607,0.019293321361607413,1
2025-06-25 10:47:28.352393,68.4099343739679,0.019377744232485117,1
2025-06-25 10:47:38.352393,68.81329597424785,0.014890948942652539,1
2025-06-25 10:47:48.352393,80.89725614843707,0.018809385164813827,1
2025-06-25 10:47:58.352393,76.40042676080684,0.013555350357889573,1
2025-06-25 10:48:08.352393,72.59575071218974,0.019646317497669052,1
2025-06-25 10:48:18.352393,69.86984817292303,0.026144432453902612,1
2025-06-25 10:48:28.352393,70.15129726343396,0.014418887919486383,1
2025-06-25 10:48:38.352393,72.27235063706075,0.025041354082187477,1
2025-06-25 10:48:48.352393,68.60556406094429,0.020944286497607656,1
2025-06-25 10:48:58.352393,71.88149789363825,0.011957944653229607,1
2025-06-25 10:49:08.352393,72.7360046380481,0.01956259398687094,1
2025-06-25 10:49:18.352393,71.88432864865366,0.020180022885425974,1
2025-06-25 10:49:28.352393,54.86218520683019,0.031593978068628015,-1
2025-06-25 10:49:38.352393,56.29151603072032,0.0013523961162982233,-1
2025-06-25 10:49:48.352393,69.61228959658492,0.0199314406236319,1
2025-06-25 10:49:58.352393,77.23121342044684,0.018069774231321882,1
2025-06-25 10:50:08.352393,72.72886732451724,0.020849211612635175,1
2025-06-25 10:50:18.352393,73.4566411618588,0.01806026724554399,1
2025-06-25 10:50:28.352393,68.42661120372405,0.01695674741389026,1
2025-06-25 10:50:38.352393,69.79861228890812,0.019765748309023307,1
2025-06-25 10:50:48.352393,72.48876399048983,0.019382089744464044,1
2025-06-25 10:50:58.352393,74.72825681022907,0.02325554958997577,1
2025-06-25 10:51:08.352393,90.80597982884089,0.03179864203123903,-1
2025-06-25 10:51:18.352393,76.52337698127167,0.01866534222484926,1
2025-06-25 10:51:28.352393,68.45337843601843,0.018873647610471087,1
2025-06-25 10:51:38.352393,70.7786004509254,0.019721688119635875,1
2025-06-25 10:51:48.352393,89.16017373824413,0.0002745892209055148,-1
2025-06-25 10:51:58.352393,68.01640708969664,0.01775231512645403,1
2025-06-25 10:52:08.352393,69.96129532365843,0.018756419085139624,1
2025-06-25 10:52:18.352393,75.11391874757334,0.01817401755202912,1
2025-06-25 10:52:28.352393,70.97637065987249,0.017904438811518063,1
2025-06-25 10:52:38.352393,71.18542884263086,0.02007846274662292,1
2025-06-25 10:52:48.352393,72.7978805053567,0.013775020717201294,1
2025-06-25 10:52:58.352393,70.99107672565701,0.01620813421540246,1
2025-06-25 10:53:08.352393,70.3147602177616,0.016545225573744677,1
2025-06-25 10:53:18.352393,71.00380151463332,0.01398822289564709,1
2025-06-25 10:53:28.352393,72.69237129315395,0.01723095225239226,1
2025-06-25 10:53:38.352393,71.78865395438915,0.01632679210420481,1
2025-06-25 10:53:48.352393,70.00762794199926,0.017758006508646854,1
2025-06-25 10:53:58.352393,76.6541413589651,0.015303810873485806,1
2025-06-25 10:54:08.352393,73.66415105183015,0.014857808748743092,1
2025-06-25 10:54:18.352393,70.43250998010357,0.018395499362726636,1
2025-06-25 10:54:28.352393,72.39420550819393,0.020297491467699012,1
2025-06-25 10:54:38.352393,74.3445829364088,0.01866926847686851,1
2025-06-25 10:54:48.352393,69.36470898998587,0.014710289709169863,1
2025-06-25 10:54:58.352393,71.95230362589132,0.02317613774711196,1
2025-06-25 10:55:08.352393,71.7215077834642,0.015540123215396372,1
2025-06-25 10:55:18.352393,70.16689864687747,0.01906335814656087,1
2025-06-25 10:55:28.352393,72.82326807967746,0.016742982042978898,1
2025-06-25 10:55:38.352393,72.23584251927977,0.02321726100206072,1
2025-06-25 10:55:48.352393,72.39417555977782,0.017336923337017467,1
2025-06-25 10:55:58.352393,71.15930983680947,0.020369688707749495,1
2025-06-25 10:56:08.352393,72.50863055507529,0.017050482226847633,1
2025-06-25 10:56:18.352393,74.25387093129793,0.014463106544825913,1
2025-06-25 10:56:28.352393,72.31939784139401,0.016016497197933518,1
2025-06-25 10:56:38.352393,71.77455412521404,0.013311538999762222,1
2025-06-25 10:56:48.352393,74.2600729420653,0.016393573389646806,1
2025-06-25 10:56:58.352393,74.48369956745655,0.016005917024405826,1
2025-06-25 10:57:08.352393,71.80423128682551,0.02013650677936185,1
2025-06-25 10:57:18.352393,68.19191452364527,0.017233471777951658,1
2025-06-25 10:57:28.352393,73.27979699808071,0.019121816363496,1
2025-06-25 10:57:38.352393,73.97957864051045,0.024244377612700967,1
2025-06-25 10:57:48.352393,73.81366229711587,0.019070531844613412,1
2025-06-25 10:57:58.352393,72.04936555098556,0.016962430310752823,1
2025-06-25 10:58:08.352393,74.18523700099266,0.016616420514581853,1
2025-06-25 10:58:18.352393,69.16849738296112,0.016080690114051083,1
2025-06-25 10:58:28.352393,70.59472440497422,0.01666704969899523,1
2025-06-25 10:58:38.352393,71.80702798480695,0.01698127730862465,1
2025-06-25 10:58:48.352393,51.57354152321341,0.010709146963393337,-1
2025-06-25 10:58:58.352393,70.54246609974419,0.017055546058641912,1
2025-06-25 10:59:08.352393,73.80916345609853,0.015667932437800153,1
2025-06-25 10:59:18.352393,72.90447311871473,0.024868753644888462,1
2025-06-25 10:59:28.352393,72.2182657260594,0.021536072598679394,1
2025-06-25 10:59:38.352393,74.8159483552925,0.01655635697119228,1
2025-06-25 10:59:48.352393,71.834807610865,0.018534819157026268,1
2025-06-25 10:59:58.352393,68.144747443188,0.0186991369111881,1
2025-06-25 11:00:08.352393,71.88938229567133,0.021931816463770678,1
2025-06-25 11:00:18.352393,73.05305288209193,0.02104319813566445,1
2025-06-25 11:00:28.352393,74.24487522076433,0.021345415895709006,1
2025-06-25 11:00:38.352393,74.2746306521919,0.023264199360198357,1
2025-06-25 11:00:48.352393,66.7389190789667,0.02391732150706569,1
2025-06-25 11:00:58.352393,71.17012324132826,0.016282271652395104,1
2025-06-25 11:01:08.352393,71.64673860510125,0.01329663886905285,1
2025-06-25 11:01:18.352393,68.54443152868694,0.02168842077007601,1
2025-06-25 11:01:28.352393,71.49691739587949,0.016992887328246244,1
2025-06-25 11:01:38.352393,66.47179721729812,0.01426639618585121,1
2025-06-25 11:01:48.352393,75.02433306641247,0.01888000712513826,1
2025-06-25 11:01:58.352393,85.83866405535075,0.0358780885417895,-1
2025-06-25 11:02:08.352393,72.27752265065705,0.018091381035574026,1
2025-06-25 11:02:18.352393,68.98336857075397,0.014159212884203496,1
2025-06-25 11:02:28.352393,71.05382995878051,0.013238036392616961,1
2025-06-25 11:02:38.352393,66.91868211788506,0.016677864730986675,1
2025-06-25 11:02:48.352393,70.66460963516434,0.01897522850153819,1
2025-06-25 11:02:58.352393,86.46087636286354,0.03119807184238892,-1
2025-06-25 11:03:08.352393,68.91627690782703,0.015445742997090665,1
2025-06-25 11:03:18.352393,74.25958091152101,0.022049940120141914,1
2025-06-25 11:03:28.352393,74.0707626138069,0.012438002937911648,1
2025-06-25 11:03:38.352393,72.41432865405994,0.021203737571650148,1
2025-06-25 11:03:48.352393,73.36846842398799,0.020221152235781432,1
2025-06-25 11:03:58.352393,74.58072189165212,0.021835870117875796,1
2025-06-25 11:04:08.352393,82.01939652552136,0.03611295267550526,-1
2025-06-25 11:04:18.352393,67.54103442222464,0.01874064957007697,1
2025-06-25 11:04:28.352393,88.17750925612434,0.0029813627897490418,-1
2025-06-25 11:04:38.352393,71.18032059807616,0.016040525184745393,1
2025-06-25 11:04:48.352393,70.81266903629484,0.016191220581140246,1
2025-06-25 11:04:58.352393,63.612748961134535,0.01770124647971366,1
2025-06-25 11:05:08.352393,75.47924121949961,0.01889049368717797,1
2025-06-25 11:05:18.352393,72.90772076278692,0.020421474035474427,1
2025-06-25 11:05:28.352393,74.32668543468739,0.017516600291216426,1
2025-06-25 11:05:38.352393,73.36140052018162,0.015489835953658531,1
2025-06-25 11:05:48.352393,74.53437713601964,0.018060959241443197,1
2025-06-25 11:05:58.352393,70.16360137973321,0.015851074044280985,1
2025-06-25 11:06:08.352393,79.10502527915446,0.020626270998397304,1
2025-06-25 11:06:18.352393,87.28918608417956,0.000827010701318482,-1
2025-06-25 11:06:28.352393,74.08928704487715,0.019273495287418327,1
2025-06-25 11:06:38.352393,70.70686242971583,0.016674942137898482,1
2025-06-25 11:06:48.352393,71.285611372595,0.021090745335564,1
2025-06-25 11:06:58.352393,71.54960278251212,0.01735833107898479,1
2025-06-25 11:07:08.352393,78.0917760280458,0.017137766136212526,1
2025-06-25 11:07:18.352393,69.6023467722883,0.017090553453526617,1
2025-06-25 11:07:28.352393,76.83040207623729,0.018375418415052178,1
2025-06-25 11:07:38.352393,75.49266591967789,0.019058633124389063,1
2025-06-25 11:07:48.352393,67.51734918120715,0.023969267468277218,1
2025-06-25 11:07:58.352393,72.65949935611405,0.015130738213592322,1
2025-06-25 11:08:08.352393,73.84918008638724,0.016778268846593274,1
2025-06-25 11:08:18.352393,71.85539029804055,0.025608679583461177,1
2025-06-25 11:08:28.352393,87.1359607998877,0.0282813925421164,-1
2025-06-25 11:08:38.352393,70.83746961813647,0.02027912324160753,1
2025-06-25 11:08:48.352393,72.72279464361779,0.022290258893004747,1
2025-06-25 11:08:58.352393,65.19024083625438,0.016336028788347723,1
2025-06-25 11:09:08.352393,73.383051401409,0.016518120043939516,1
2025-06-25 11:09:18.352393,69.33307096585737,0.01758610011966359,1
2025-06-25 11:09:28.352393,70.40022951601897,0.02131473798717991,1
2025-06-25 11:09:38.352393,85.05377779486868,0.006954346857643335,-1
2025-06-25 11:09:48.352393,89.68043150313731,0.0047207174124624,-1
2025-06-25 11:09:58.352393,72.31823397393957,0.018662676243306843,1
2025-06-25 11:10:08.352393,73.67551558811421,0.01816072861725476,1
2025-06-25 11:10:18.352393,69.75675711052001,0.01280634985004646,1
2025-06-25 11:10:28.352393,74.36736537953665,0.01927809072523765,1
2025-06-25 11:10:38.352393,69.31026555849571,0.014824112723225312,1
2025-06-25 11:10:48.352393,74.01834074886555,0.017509028754874957,1
2025-06-25 11:10:58.352393,72.08163838374917,0.015441351081016005,1
2025-06-25 11:11:08.352393,75.30283149838783,0.017304228733180355,1
2025-06-25 11:11:18.352393,70.96149698695753,0.014186500628396943,1
2025-06-25 11:11:28.352393,74.62140049500853,0.014183176952878025,1
2025-06-25 11:11:38.352393,68.49005956008932,0.01318855527948306,1
2025-06-25 11:11:48.352393,67.52203478826354,0.018944899163544957,1
2025-06-25 11:11:58.352393,71.0745713176955,0.015243416847055602,1
2025-06-25 11:12:08.352393,66.03954960611271,0.01759696189505251,1
2025-06-25 11:12:18.352393,73.59760444563388,0.016491434262058506,1
2025-06-25 11:12:28.352393,66.23270339314682,0.011968754661299668,1
2025-06-25 11:12:38.352393,82.00546446185534,0.03398083877631751,-1
2025-06-25 11:12:48.352393,76.06925577771905,0.017812137212960762,1
2025-06-25 11:12:58.352393,74.03594985915363,0.017081694665216543,1
2025-06-25 11:13:08.352393,75.70710338003215,0.01864915929532398,1
2025-06-25 11:13:18.352393,68.88118556789493,0.018695421444432873,1
2025-06-25 11:13:28.352393,72.02244887977075,0.017398159943416813,1
2025-06-25 11:13:38.352393,68.83460749866411,0.014803360726150036,1
2025-06-25 11:13:48.352393,73.47505154857106,0.0197542908462084,1
2025-06-25 11:13:58.352393,73.48437906608144,0.01862392590021183,1
2025-06-25 11:14:08.352393,72.15216699186297,0.017421222965198047,1
2025-06-25 11:14:18.352393,71.55737483594078,0.015373750064740316,1
2025-06-25 11:14:28.352393,71.13676214306007,0.019812738362355996,1
2025-06-25 11:14:38.352393,72.51980580449701,0.019835306837253357,1
2025-06-25 11:14:48.352393,70.53918784589222,0.015105743272290995,1
2025-06-25 11:14:58.352393,74.71135410622858,0.012715382638805648,1
2025-06-25 11:15:08.352393,79.44011760776196,0.011534890741868718,-1
2025-06-25 11:15:18.352393,74.25076576214599,0.017197453961236057,1
2025-06-25 11:15:28.352393,75.6873279485884,0.016324597594394814,1
2025-06-25 11:15:38.352393,71.40288305673829,0.018747270847916622,1
2025-06-25 11:15:48.352393,70.16665971666849,0.014324789416866782,1
2025-06-25 11:15:58.352393,70.36255235609106,0.019300088251835247,1
2025-06-25 11:16:08.352393,71.30825549619875,0.02064011465230201,1
2025-06-25 11:16:18.352393,75.42142644090093,0.01606483246799026,1
2025-06-25 11:16:28.352393,68.94379301158187,0.024963612816805723,1
2025-06-25 11:16:38.352393,72.49044532687351,0.014173484952831496,1
2025-06-25 11:16:48.352393,73.32797625478598,0.014374275166022051,1
2025-06-25 11:16:58.352393,58.347457008712794,0.0018174946714026585,-1
2025-06-25 11:17:08.352393,70.16945837647039,0.015595921369255914,1
2025-06-25 11:17:18.352393,70.87872645332908,0.022464821645629025,1
2025-06-25 11:17:28.352393,68.42045813669536,0.015960849559136712,1
2025-06-25 11:17:38.352393,69.16898203746116,0.019126886480324304,1
2025-06-25 11:17:48.352393,76.5362359512389,0.02020451725683383,1
2025-06-25 11:17:58.352393,77.1862256043984,0.016133000222806258,1
2025-06-25 11:18:08.352393,71.79525555289415,0.014981192074484107,1
2025-06-25 11:18:18.352393,85.02165789711549,0.02764371539033264,-1
2025-06-25 11:18:28.352393,74.12726616972981,0.01509497972351771,1
2025-06-25 11:18:38.352393,68.02083123627044,0.015232049662336836,1
2025-06-25 11:18:48.352393,77.24470579084733,0.017622375783536988,1
2025-06-25 11:18:58.352393,67.00438029452073,0.01575220698846097,1
2025-06-25 11:19:08.352393,74.7279942730094,0.012563568891451982,1
2025-06-25 11:19:18.352393,74.08093827664997,0.022053533501246496,1
2025-06-25 11:19:28.352393,70.86692494591233,0.017690993757644272,1
2025-06-25 11:19:38.352393,73.62378670534078,0.013680654719497407,1
2025-06-25 11:19:48.352393,72.50256373691745,0.019035446117578656,1
2025-06-25 11:19:58.352393,73.35648604444084,0.015265289006877016,1
2025-06-25 11:20:08.352393,71.95967282857312,0.01526217514878839,1
2025-06-25 11:20:18.352393,68.2312029445715,0.019215506531204813,1
2025-06-25 11:20:28.352393,75.7877488512523,0.022038967283425248,1
2025-06-25 11:20:38.352393,88.49791039455297,0.03548658510936907,-1
2025-06-25 11:20:48.352393,72.52040832647607,0.015778452657699525,1
2025-06-25 11:20:58.352393,71.04186799865964,0.016720776072784292,1
2025-06-25 11:21:08.352393,73.12779834243092,0.02071571308005417,1
2025-06-25 11:21:18.352393,66.50310173927453,0.01672758127972686,1
2025-06-25 11:21:28.352393,90.23170628309724,0.00025534788783386844,-1
2025-06-25 11:21:38.352393,71.50208753793699,0.021170005172362106,1
2025-06-25 11:21:48.352393,70.16899114328284,0.01464346712792667,1
2025-06-25 11:21:58.352393,74.51017033128217,0.01875544755530606,1
2025-06-25 11:22:08.352393,67.89203903956293,0.01684286196899953,1
2025-06-25 11:22:18.352393,74.49694697459189,0.022445227288163914,1
2025-06-25 11:22:28.352393,71.62229148730864,0.014903321649131208,1
2025-06-25 11:22:38.352393,74.7203090333048,0.023959981763987927,1
2025-06-25 11:22:48.352393,77.31111933895613,0.019416673519907827,1
2025-06-25 11:22:58.352393,89.96870507011528,0.008293365890692262,-1
2025-06-25 11:23:08.352393,68.92294133379119,0.023338974689023805,1
2025-06-25 11:23:18.352393,88.85989510340251,0.03535934123334582,-1
2025-06-25 11:23:28.352393,65.58393560675815,0.02450403319662406,1
2025-06-25 11:23:38.352393,73.02027260564226,0.017577793207251932,1
2025-06-25 11:23:48.352393,72.5790476606791,0.02490068125162582,1
2025-06-25 11:23:58.352393,73.52691700851614,0.01839288264697419,1
2025-06-25 11:24:08.352393,75.55011932861203,0.017005018637681932,1
2025-06-25 11:24:18.352393,72.51376547177748,0.017531987997295925,1
2025-06-25 11:24:28.352393,64.10782325542323,0.01181219512898848,-1
2025-06-25 11:24:38.352393,67.13806872731837,0.01478788128125597,1
2025-06-25 11:24:48.352393,88.85522293006501,0.03571847026922892,-1
2025-06-25 11:24:58.352393,89.44232535323907,0.030945968400076473,-1
2025-06-25 11:25:08.352393,73.71656723033051,0.009054028921947795,1
2025-06-25 11:25:18.352393,64.78231039909797,0.01645204188736277,1
2025-06-25 11:25:28.352393,69.45384111824787,0.01573389503882582,1
2025-06-25 11:25:38.352393,69.16919482000266,0.021318775738015404,1
2025-06-25 11:25:48.352393,70.75641270657648,0.009828670524879764,1
2025-06-25 11:25:58.352393,74.19569326893249,0.01704925198602242,1
2025-06-25 11:26:08.352393,70.54788060274217,0.016442422735161447,1
2025-06-25 11:26:18.352393,65.27580277830944,0.01998487371417714,1
2025-06-25 11:26:28.352393,69.37190842029385,0.02005889183134351,1
2025-06-25 11:26:38.352393,63.48486787927557,0.012453647101655228,1
2025-06-25 11:26:48.352393,75.29083686649467,0.020372135192135408,1
2025-06-25 11:26:58.352393,58.55712448225556,0.006458418611339587,-1
2025-06-25 11:27:08.352393,71.07490059558846,0.01738990649307782,1
2025-06-25 11:27:18.352393,68.87323284672321,0.02351589489510591,1
2025-06-25 11:27:28.352393,71.2712068325713,0.014561446820541637,1
2025-06-25 11:27:38.352393,73.12194220369462,0.013837003339770584,1
2025-06-25 11:27:48.352393,74.47704945089191,0.020056258472571448,1
2025-06-25 11:27:58.352393,75.50994924883088,0.018859770893130907,1
2025-06-25 11:28:08.352393,74.11165442941727,0.0236780810588945,1
2025-06-25 11:28:18.352393,72.36951292400572,0.020156555842469337,1
2025-06-25 11:28:28.352393,72.9401263279598,0.017399895351497306,1
2025-06-25 11:28:38.352393,66.43067897059281,0.01697267888565097,1
2025-06-25 11:28:48.352393,70.80676145882451,0.02280781357998181,1
2025-06-25 11:28:58.352393,69.95942342891686,0.018395005647519277,1
2025-06-25 11:29:08.352393,78.49448401926672,0.01672884392321221,1
2025-06-25 11:29:18.352393,54.03830634487921,0.0009556011694858424,-1
2025-06-25 11:29:28.352393,68.48883563989214,0.016316858596154803,1
2025-06-25 11:29:38.352393,70.33774048691144,0.011529449585130972,1
2025-06-25 11:29:48.352393,72.61225294546385,0.0239303546227423,1
2025-06-25 11:29:58.352393,72.66573761735765,0.016896531468479085,1
2025-06-25 11:30:08.352393,74.41587848686422,0.017248868276323943,1
2025-06-25 11:30:18.352393,70.47499697466755,0.01400162709003137,1
2025-06-25 11:30:28.352393,70.43492593550562,0.018795646475630652,1
2025-06-25 11:30:38.352393,67.21493447476206,0.016974346956331706,1
2025-06-25 11:30:48.352393,69.15863314211698,0.019068352539987957,1
2025-06-25 11:30:58.352393,71.92491155280125,0.014827032522611932,1
2025-06-25 11:31:08.352393,62.32371768347846,0.0342976036195681,-1
2025-06-25 11:31:18.352393,71.98144328542995,0.022683698187786365,1
2025-06-25 11:31:28.352393,72.348527242475,0.016858128223514235,1
2025-06-25 11:31:38.352393,78.10452156014368,0.0181433163605509,1
2025-06-25 11:31:48.352393,68.51179245592165,0.019025763908107354,1
2025-06-25 11:31:58.352393,71.41957862306256,0.017525448741192124,1
2025-06-25 11:32:08.352393,68.18261827905079,0.02119694019310768,1
2025-06-25 11:32:18.352393,63.63916385289184,0.03289258621673708,-1
2025-06-25 11:32:28.352393,72.86814559819385,0.01639780465087557,1
2025-06-25 11:32:38.352393,75.08111902560422,0.015365368645344837,1
2025-06-25 11:32:48.352393,71.92847187502385,0.015932121766752034,1
2025-06-25 11:32:58.352393,69.30691727616741,0.01933343376287205,1
2025-06-25 11:33:08.352393,73.90634897131802,0.017223309608182344,1
2025-06-25 11:33:18.352393,72.9704770138077,0.017711509684574255,1
2025-06-25 11:33:28.352393,73.71120351471093,0.020135065436435513,1
2025-06-25 11:33:38.352393,53.55895338778082,0.004610148184354129,-1
2025-06-25 11:33:48.352393,76.45239534212085,0.018541844309173036,1
2025-06-25 11:33:58.352393,74.9327890398707,0.02207193085871326,1
2025-06-25 11:34:08.352393,70.87187647461077,0.017727029793702484,1
2025-06-25 11:34:18.352393,56.049004355873215,0.007631946430430719,-1
2025-06-25 11:34:28.352393,76.10620241520877,0.016060893578748934,1
2025-06-25 11:34:38.352393,72.3593054087686,0.014978264908402008,1
2025-06-25 11:34:48.352393,71.51285392423215,0.019633352925926262,1
2025-06-25 11:34:58.352393,68.75708695912627,0.018492688026344885,1
2025-06-25 11:35:08.352393,73.83076256532091,0.01338606413029879,1
2025-06-25 11:35:18.352393,75.00038220771846,0.018639820604500087,1
2025-06-25 11:35:28.352393,87.5188525694952,0.0008032235811708619,-1
2025-06-25 11:35:38.352393,69.6116597878793,0.018516236147966506,1
2025-06-25 11:35:48.352393,67.71121498893042,0.013590401904309025,1
2025-06-25 11:35:58.352393,67.66636868694701,0.016420234461059988,1
2025-06-25 11:36:08.352393,76.15351880680976,0.018078384304433242,1
2025-06-25 11:36:18.352393,71.88840903614582,0.01853318099052767,1
2025-06-25 11:36:28.352393,72.95878968267628,0.019149425690537406,1
2025-06-25 11:36:38.352393,73.58922538479055,0.021214000287034,1
2025-06-25 11:36:48.352393,73.38119129829876,0.020997308120183217,1
2025-06-25 11:36:58.352393,53.55831974790989,0.03649016443662617,-1
2025-06-25 11:37:08.352393,75.32518316633164,0.018186754770694896,1
2025-06-25 11:37:18.352393,69.31340228086927,0.016138514071427315,1
2025-06-25 11:37:28.352393,70.43120390874125,0.016061668631610154,1
2025-06-25 11:37:38.352393,75.23250781796463,0.021067092107935195,1
2025-06-25 11:37:48.352393,75.6868925095917,0.018642805851681297,1
2025-06-25 11:37:58.352393,71.00206483490544,0.02138265180219531,1
2025-06-25 11:38:08.352393,75.47328845190118,0.014504748599634278,1
2025-06-25 11:38:18.352393,70.16900165631226,0.01733438936958177,1
2025-06-25 11:38:28.352393,70.00951646469227,0.016180719753782075,1
2025-06-25 11:38:38.352393,70.34086281057242,0.01900289276778858,1
2025-06-25 11:38:48.352393,70.77083888741159,0.020725270214707717,1
2025-06-25 11:38:58.352393,71.37658600865359,0.02100154480420682,1
2025-06-25 11:39:08.352393,75.31786843789236,0.01913724678526601,1
2025-06-25 11:39:18.352393,68.95520978555291,0.018846444692420448,1
2025-06-25 11:39:28.352393,71.22609009850129,0.017555934562345433,1
2025-06-25 11:39:38.352393,69.2776835836807,0.018482019897074896,1
2025-06-25 11:39:48.352393,77.90159424415342,0.018748784965719054,1
2025-06-25 11:39:58.352393,70.48215240205668,0.01909828595000825,1
2025-06-25 11:40:08.352393,55.412962294421284,0.011639086807650583,-1
2025-06-25 11:40:18.352393,84.27761024991148,0.0321432455064396,-1
2025-06-25 11:40:28.352393,77.90880835613389,0.012294489869569367,1
2025-06-25 11:40:38.352393,79.89419127146695,0.009796254573809744,1
2025-06-25 11:40:48.352393,72.18304250527333,0.01663389792903264,1
2025-06-25 11:40:58.352393,73.1799202518509,0.017785108580615095,1
2025-06-25 11:41:08.352393,53.57869717174289,0.000740764432329441,-1
2025-06-25 11:41:18.352393,74.48826351185055,0.021393460301019063,1
2025-06-25 11:41:28.352393,79.47887532839744,0.02127269703086933,1
2025-06-25 11:41:38.352393,71.58770037425998,0.015758116498240014,1
2025-06-25 11:41:48.352393,72.81818290134142,0.01563729902310048,1
2025-06-25 11:41:58.352393,68.54492092087725,0.01686568017497496,1
2025-06-25 11:42:08.352393,75.61513707181724,0.017818467481271413,1
2025-06-25 11:42:18.352393,71.94094785224513,0.018502548990726876,1
2025-06-25 11:42:28.352393,71.78995107108322,0.021383045920925957,1
2025-06-25 11:42:38.352393,73.25990322527144,0.012565179709149697,1
2025-06-25 11:42:48.352393,75.96880678432292,0.017434028267933388,1
2025-06-25 11:42:58.352393,65.49659796159209,0.01583269237590902,1
2025-06-25 11:43:08.352393,76.61674942340886,0.018005089472213832,1
2025-06-25 11:43:18.352393,68.61877016075465,0.017506411285533714,1
2025-06-25 11:43:28.352393,72.21600244171474,0.01605905019918618,1
2025-06-25 11:43:38.352393,69.53689342454642,0.016311526955761806,1
2025-06-25 11:43:48.352393,76.93833135379872,0.021385175414166353,1
2025-06-25 11:43:58.352393,72.83964449518365,0.012318265921564025,1
2025-06-25 11:44:08.352393,75.79160435435713,0.022513737169578142,1
2025-06-25 11:44:18.352393,75.13202152962772,0.02534871851998954,1
2025-06-25 11:44:28.352393,57.35223491610505,0.033725810091773424,-1
2025-06-25 11:44:38.352393,70.58332261924063,0.01658567727043146,1
2025-06-25 11:44:48.352393,74.84199326314062,0.013255008622683846,1
2025-06-25 11:44:58.352393,52.50560789160085,0.007492484873407208,-1
2025-06-25 11:45:08.352393,72.08082143746527,0.020122340037367153,1
2025-06-25 11:45:18.352393,84.7944608627928,0.035903506743398185,-1
2025-06-25 11:45:28.352393,71.75036952449317,0.023045235206458514,1
2025-06-25 11:45:38.352393,70.90651557265878,0.021346986760181846,1
2025-06-25 11:45:48.352393,70.8596776422389,0.01638725488472042,1
2025-06-25 11:45:58.352393,88.78778146289174,0.029290686176864963,-1
2025-06-25 11:46:08.352393,71.46786677420879,0.020053357556170846,1
2025-06-25 11:46:18.352393,68.84501111614259,0.01775229434819496,1
2025-06-25 11:46:28.352393,67.59323369444604,0.021230620236748265,1
2025-06-25 11:46:38.352393,73.5607141127181,0.014293452982455792,1
2025-06-25 11:46:48.352393,70.34493977913509,0.022903274068387762,1
2025-06-25 11:46:58.352393,69.06438163942349,0.01958891350743995,1
2025-06-25 11:47:08.352393,75.89579459917685,0.016818404350990454,1
2025-06-25 11:47:18.352393,69.71838225706817,0.013039080768210313,1
2025-06-25 11:47:28.352393,73.90073477460271,0.015878701200003627,1
2025-06-25 11:47:38.352393,71.74040597132944,0.017675956705594086,1
2025-06-25 11:47:48.352393,75.11449113330883,0.017302624791478066,1
2025-06-25 11:47:58.352393,74.28363025191155,0.02005013791131349,1
2025-06-25 11:48:08.352393,73.64391452699186,0.02782032251919976,1
2025-06-25 11:48:18.352393,76.64226319546553,0.0176530023337764,1
2025-06-25 11:48:28.352393,67.37954179684355,0.01761065296994414,1
2025-06-25 11:48:38.352393,73.69752143172748,0.018583903778236793,1
2025-06-25 11:48:48.352393,69.12320384514939,0.018393021051350066,1
2025-06-25 11:48:58.352393,68.13792804694184,0.02231653906635777,1
2025-06-25 11:49:08.352393,72.33362506498648,0.018313867711732577,1
2025-06-25 11:49:18.352393,77.20895052963955,0.023180195579782466,1
2025-06-25 11:49:28.352393,71.429559468663,0.018665948267006096,1
2025-06-25 11:49:38.352393,66.65672767130273,0.016432933763447358,1
2025-06-25 11:49:48.352393,71.68377252415468,0.024215327192763644,1
2025-06-25 11:49:58.352393,71.82430979067004,0.015627164834498997,1
2025-06-25 11:50:08.352393,73.46060649986075,0.01919836416348765,1
2025-06-25 11:50:18.352393,71.97508447196562,0.01273649649627027,1
2025-06-25 11:50:28.352393,68.70148322542812,0.017332157603929227,1
2025-06-25 11:50:38.352393,90.1953113180184,0.011944737214821295,-1
2025-06-25 11:50:48.352393,82.26606516215129,0.03604631458824478,-1
2025-06-25 11:50:58.352393,73.97750972524918,0.018164918882274103,1
2025-06-25 11:51:08.352393,61.78482776512317,0.019086222204720293,1
2025-06-25 11:51:18.352393,71.01272555073466,0.0177559043913198,1
2025-06-25 11:51:28.352393,77.53357660627243,0.018746447535763506,1
2025-06-25 11:51:38.352393,71.1766390988593,0.016034183043483925,1
2025-06-25 11:51:48.352393,74.0477272563866,0.016097256441724328,1
2025-06-25 11:51:58.352393,72.45782776567027,0.01734019620514499,1
2025-06-25 11:52:08.352393,70.33457298565378,0.014713548349421072,1
2025-06-25 11:52:18.352393,69.75961574481532,0.01759220873559133,1
2025-06-25 11:52:28.352393,75.15302897321985,0.018156115141501446,1
2025-06-25 11:52:38.352393,75.60809460016196,0.017268835055551844,1
2025-06-25 11:52:48.352393,74.10246294639826,0.010912333133066955,1
2025-06-25 11:52:58.352393,77.26084148691915,0.021910339804517363,1
2025-06-25 11:53:08.352393,69.01105291840364,0.02063359243239299,1
2025-06-25 11:53:18.352393,76.25025895934887,0.016558640605600947,1
2025-06-25 11:53:28.352393,73.2570033974914,0.019911126887849528,1
2025-06-25 11:53:38.352393,70.13210793692755,0.023490928132375025,1
2025-06-25 11:53:48.352393,69.84503638999632,0.01872798343172795,1
2025-06-25 11:53:58.352393,72.29663742162317,0.014408185773178189,1
2025-06-25 11:54:08.352393,51.10747555192449,0.02665644685833362,-1
2025-06-25 11:54:18.352393,72.11564123310124,0.020744156129923932,1
2025-06-25 11:54:28.352393,58.58330695048318,0.031652638493020975,-1
2025-06-25 11:54:38.352393,71.91962037876746,0.019774009105818904,1
2025-06-25 11:54:48.352393,87.58671400625487,0.009102442006919913,-1
2025-06-25 11:54:58.352393,68.0955747063458,0.01621606849184846,1
2025-06-25 11:55:08.352393,73.29124106524506,0.01578404839725275,1
2025-06-25 11:55:18.352393,69.83200602128564,0.021374800237628673,1
2025-06-25 11:55:28.352393,72.7402539138779,0.015552539983356203,1
2025-06-25 11:55:38.352393,60.0817315020673,0.030096429982995013,-1
2025-06-25 11:55:48.352393,83.69070599842013,0.004132585802630449,-1
2025-06-25 11:55:58.352393,71.82484992164532,0.014373270722308207,1
2025-06-25 11:56:08.352393,74.545270636666,0.01521794933915496,1
2025-06-25 11:56:18.352393,74.42259740606178,0.01565490210309551,1
2025-06-25 11:56:28.352393,65.82050791151278,0.022934937580679004,1
2025-06-25 11:56:38.352393,68.11577262862318,0.012994160583164677,1
2025-06-25 11:56:48.352393,72.48350792304386,0.015637668974118286,1
2025-06-25 11:56:58.352393,70.40803977905021,0.0166918769598168,1
2025-06-25 11:57:08.352393,69.39562620262237,0.013585735767458359,1
2025-06-25 11:57:18.352393,67.083073544073,0.020403690516268964,1
2025-06-25 11:57:28.352393,69.57979733068444,0.0168103339704774,1
2025-06-25 11:57:38.352393,74.74210953600208,0.019781386701148942,1
2025-06-25 11:57:48.352393,70.67677487766225,0.019370807834438532,1
2025-06-25 11:57:58.352393,70.78864203472804,0.02316968048420362,1
2025-06-25 11:58:08.352393,72.98368689118648,0.015516846963854646,1
2025-06-25 11:58:18.352393,68.41116775208368,0.01596765336601444,1
2025-06-25 11:58:28.352393,74.58626440247896,0.01851130600811571,1
2025-06-25 11:58:38.352393,75.05548626797076,0.018633008808144686,1
2025-06-25 11:58:48.352393,79.7555070010558,0.01587766356318686,1
2025-06-25 11:58:58.352393,72.59504944380392,0.01374605217095953,1
2025-06-25 11:59:08.352393,75.87925387219414,0.01641453563517758,1
2025-06-25 11:59:18.352393,72.56834984036365,0.01825543633219711,1
2025-06-25 11:59:28.352393,75.94859096234318,0.016557911974716448,1
2025-06-25 11:59:38.352393,80.33987501234402,0.0005786116899757152,-1
2025-06-25 11:59:48.352393,68.32777178219504,0.02286164511188599,1
2025-06-25 11:59:58.352393,71.50143821976044,0.019794761786813702,1
2025-06-25 12:00:08.352393,70.01580106164758,0.01690254815792769,1
2025-06-25 12:00:18.352393,60.94761777010514,0.023149395525684454,-1
2025-06-25 12:00:28.352393,75.22590098803587,0.020254381649361955,1
2025-06-25 12:00:38.352393,68.77348719183794,0.019275058070048076,1
2025-06-25 12:00:48.352393,70.6481253756157,0.01881343502512965,1
2025-06-25 12:00:58.352393,70.80409904720214,0.020387117379951927,1
2025-06-25 12:01:08.352393,76.00680395349877,0.018965754316129478,1
2025-06-25 12:01:18.352393,73.06776346696402,0.013008362916896369,1
2025-06-25 12:01:28.352393,67.16055233133243,0.02031482043805894,1
2025-06-25 12:01:38.352393,73.41662774961384,0.01997751427072157,1
2025-06-25 12:01:48.352393,69.64228024061954,0.014825860784213536,1
2025-06-25 12:01:58.352393,75.54985126725884,0.02115974028373686,1
2025-06-25 12:02:08.352393,70.76625404968593,0.01975430789698191,1
2025-06-25 12:02:18.352393,75.26792779407717,0.01874556024503982,1
2025-06-25 12:02:28.352393,50.940782816357306,0.03271987090431744,-1
2025-06-25 12:02:38.352393,64.52756534180199,0.004487877172408557,-1
2025-06-25 12:02:48.352393,69.70706435486322,0.01422124631683998,1
2025-06-25 12:02:58.352393,68.34308832162874,0.019093455808676624,1
2025-06-25 12:03:08.352393,75.42698120004295,0.02057951113160691,1
2025-06-25 12:03:18.352393,83.01108466792718,0.03195184760854952,-1
2025-06-25 12:03:28.352393,75.29473375362318,0.014368652868859447,1
2025-06-25 12:03:38.352393,71.5201997503166,0.017622779976583493,1
2025-06-25 12:03:48.352393,72.22776249141702,0.018994036302210433,1
2025-06-25 12:03:58.352393,72.68632231294373,0.02095415875965793,1
2025-06-25 12:04:08.352393,70.89341704103177,0.017233914269424708,1
2025-06-25 12:04:18.352393,71.2148250806253,0.020315984881997713,1
2025-06-25 12:04:28.352393,73.75164704399423,0.01648025037718656,1
2025-06-25 12:04:38.352393,67.80658952285765,0.0201370739815059,1
2025-06-25 12:04:48.352393,73.14084034555093,0.023124431593815175,1
2025-06-25 12:04:58.352393,72.51213281463609,0.01584229589866656,1
2025-06-25 12:05:08.352393,72.65234615248612,0.019816948689636623,1
2025-06-25 12:05:18.352393,69.15754475303393,0.016481684374633036,1
2025-06-25 12:05:28.352393,68.1253469180131,0.015421925126185555,1
2025-06-25 12:05:38.352393,73.48477776345904,0.014702507746517858,1
2025-06-25 12:05:48.352393,60.41584130908448,0.010563885212621084,-1
2025-06-25 12:05:58.352393,74.0738328380686,0.022615954428309215,1
2025-06-25 12:06:08.352393,97.26635948997216,0.007197456531449969,-1
2025-06-25 12:06:18.352393,72.88551731402035,0.019334142765850014,1
2025-06-25 12:06:28.352393,71.386952817926,0.01839965439191048,1
2025-06-25 12:06:38.352393,65.87620557723133,0.017431546898739533,1
2025-06-25 12:06:48.352393,71.50168356956945,0.018022773962803378,1
2025-06-25 12:06:58.352393,74.40892215349436,0.016898179156942545,1
2025-06-25 12:07:08.352393,78.42006057118326,0.016876121452678892,1
2025-06-25 12:07:18.352393,70.05251167609855,0.02133302361383168,1
2025-06-25 12:07:28.352393,66.95001021708138,0.014480502705039228,1
2025-06-25 12:07:38.352393,71.67812476098588,0.018359486715830854,1
2025-06-25 12:07:48.352393,67.92108594062456,0.009997456200325003,1
2025-06-25 12:07:58.352393,61.45529257600282,0.027456645250794907,-1
2025-06-25 12:08:08.352393,73.19908443644489,0.01623476723859076,1
2025-06-25 12:08:18.352393,68.22413169497057,0.015243376341452373,1
2025-06-25 12:08:28.352393,71.79174858535204,0.016570936829405487,1
2025-06-25 12:08:38.352393,71.36555673229626,0.019064791788880316,1
2025-06-25 12:08:48.352393,68.0697000292131,0.018526642974656674,1
2025-06-25 12:08:58.352393,93.45005283103286,0.02459058484818486,-1
2025-06-25 12:09:08.352393,67.08827952074297,0.019549029418844684,1
2025-06-25 12:09:18.352393,85.2072890467431,0.003148915508036457,-1
2025-06-25 12:09:28.352393,69.7725398934387,0.019448628001808795,1
2025-06-25 12:09:38.352393,55.22158674695656,0.032460042521510184,-1
2025-06-25 12:09:48.352393,70.67813681977371,0.016466125183754732,1
2025-06-25 12:09:58.352393,72.3599660071821,0.0212267185033339,1
2025-06-25 12:10:08.352393,59.98288371075249,0.011254073888159997,-1
2025-06-25 12:10:18.352393,68.35395652016695,0.009688912622666437,1
2025-06-25 12:10:28.352393,70.81281895742453,0.019125590251274076,1
2025-06-25 12:10:38.352393,67.81261464985293,0.01599865327869974,1
2025-06-25 12:10:48.352393,70.12928958894675,0.016831373245641875,1
2025-06-25 12:10:58.352393,67.24682375542142,0.017114883636162502,1
2025-06-25 12:11:08.352393,76.51465751512218,0.019356741039307426,1
2025-06-25 12:11:18.352393,74.47840147023905,0.014725029328751,1
2025-06-25 12:11:28.352393,78.92655168228687,0.020357536618667918,1
2025-06-25 12:11:38.352393,70.94373397896771,0.018802177029462946,1
2025-06-25 12:11:48.352393,66.92890607363483,0.02354259482595638,1
2025-06-25 12:11:58.352393,84.52590418913944,0.0015629269768271115,-1
2025-06-25 12:12:08.352393,69.34856856893512,0.02185568192447594,1
2025-06-25 12:12:18.352393,74.8931170976554,0.017164394833555446,1
2025-06-25 12:12:28.352393,72.92473954626522,0.015623715459731517,1
2025-06-25 12:12:38.352393,69.98689648634917,0.017265272540917732,1
2025-06-25 12:12:48.352393,71.02577956792783,0.0182660770345964,1
2025-06-25 12:12:58.352393,73.0410240125022,0.024900532900918638,1
2025-06-25 12:13:08.352393,69.77887543590724,0.023730713006052954,1
2025-06-25 12:13:18.352393,71.15248445570212,0.015190302403906064,1
2025-06-25 12:13:28.352393,75.06414833950217,0.017449662289389416,1
2025-06-25 12:13:38.352393,70.60331307127424,0.016367322961908227,1
2025-06-25 12:13:48.352393,59.235805031039625,0.03223439447877259,-1
2025-06-25 12:13:58.352393,54.1526158364603,0.02255659805609262,-1
2025-06-25 12:14:08.352393,76.85902358504012,0.018249978595103446,1
2025-06-25 12:14:18.352393,79.29770603787225,0.016025447535756087,1
2025-06-25 12:14:28.352393,70.10747680290557,0.02066356505649517,1
2025-06-25 12:14:38.352393,69.0749259666222,0.01796970216694939,1
2025-06-25 12:14:48.352393,74.29164854809963,0.020815147166751168,1
2025-06-25 12:14:58.352393,71.26518688893407,0.011394438257702037,1
2025-06-25 12:15:08.352393,70.04220107991779,0.01727631136685159,1
2025-06-25 12:15:18.352393,74.58997695372426,0.018144042937828245,1
2025-06-25 12:15:28.352393,72.21323998419066,0.020458058269999323,1
2025-06-25 12:15:38.352393,52.26454333120408,0.006448303847029607,-1
2025-06-25 12:15:48.352393,74.04566321738926,0.017465875676501545,1
2025-06-25 12:15:58.352393,67.35882449018871,0.019431355936237717,1
2025-06-25 12:16:08.352393,71.7029147385548,0.022242333389791126,1
2025-06-25 12:16:18.352393,64.14307788887736,0.006990282098452271,-1
2025-06-25 12:16:28.352393,72.20700135428639,0.017369544012254462,1
2025-06-25 12:16:38.352393,77.44383192822546,0.016947036625768394,1
2025-06-25 12:16:48.352393,66.74052554291663,0.015249451839087562,1
2025-06-25 12:16:58.352393,73.17238354180341,0.016647220685932947,1
2025-06-25 12:17:08.352393,75.4601764991002,0.012096525581901578,1
2025-06-25 12:17:18.352393,69.97137804243378,0.021854000588499855,1
2025-06-25 12:17:28.352393,73.55761806277874,0.016024662874608922,1
2025-06-25 12:17:38.352393,71.64913520005146,0.018873053979372376,1
2025-06-25 12:17:48.352393,68.41409715856666,0.015153290803953648,1
2025-06-25 12:17:58.352393,74.7516032886614,0.017464862148828846,1
2025-06-25 12:18:08.352393,70.59424280234518,0.017254807247079413,1
2025-06-25 12:18:18.352393,74.19100395798641,0.018268442782790995,1
2025-06-25 12:18:28.352393,69.02199476146421,0.017958935688722918,1
2025-06-25 12:18:38.352393,75.59938518540233,0.01654048905465676,1
2025-06-25 12:18:48.352393,70.51508041702779,0.01819220951102609,1
2025-06-25 12:18:58.352393,79.38571254614436,0.016251748148872924,1
2025-06-25 12:19:08.352393,68.00839164333094,0.020578805237941058,1
2025-06-25 12:19:18.352393,79.25719158749452,0.015892618708305918,1
2025-06-25 12:19:28.352393,73.63930137169498,0.014743256739293406,1
2025-06-25 12:19:38.352393,73.30255010234892,0.015047323709004653,1
2025-06-25 12:19:48.352393,71.81221017642373,0.022905518984152915,1
2025-06-25 12:19:58.352393,77.62278348971194,0.020472916979983446,1
2025-06-25 12:20:08.352393,74.42820110756489,0.014936258782605141,1
2025-06-25 12:20:18.352393,72.80935612823113,0.01500574557815802,1
2025-06-25 12:20:28.352393,76.54502179433138,0.01764094520171962,1
2025-06-25 12:20:38.352393,71.83557311943102,0.011709173494187564,1
2025-06-25 12:20:48.352393,73.1821903973643,0.013625774514829495,1
2025-06-25 12:20:58.352393,68.50507316428839,0.017981691615798188,1
2025-06-25 12:21:08.352393,71.46653573603626,0.01439959431691457,1
2025-06-25 12:21:18.352393,70.57602524277362,0.01956300739643379,1
2025-06-25 12:21:28.352393,68.99808342912921,0.01415282395385416,1
2025-06-25 12:21:38.352393,70.63094610783519,0.01515948072251031,1
2025-06-25 12:21:48.352393,76.23792960679833,0.013194017176868562,1
2025-06-25 12:21:58.352393,72.26170539588554,0.020087788665396785,1
2025-06-25 12:22:08.352393,68.24633954097406,0.01734065730997226,1
2025-06-25 12:22:18.352393,66.14094158491018,0.01803040550308549,1
2025-06-25 12:22:28.352393,71.50493621804951,0.01626218543231917,1
2025-06-25 12:22:38.352393,70.68362221540207,0.02040831795492667,1
2025-06-25 12:22:48.352393,53.84879839575112,0.000770207148240807,-1
2025-06-25 12:22:58.352393,70.85619629047036,0.018341697211763527,1
2025-06-25 12:23:08.352393,60.941721972247905,0.018444774632297878,1
2025-06-25 12:23:18.352393,74.45110290690995,0.011060813707003018,1
2025-06-25 12:23:28.352393,59.614968376817856,0.034975080067777164,-1
2025-06-25 12:23:38.352393,76.53343389690474,0.018600318343316154,1
2025-06-25 12:23:48.352393,71.1936608372443,0.0219232348133447,1
2025-06-25 12:23:58.352393,76.05210476308407,0.013655386996977123,1
2025-06-25 12:24:08.352393,72.34534320004278,0.014524476965278723,1
2025-06-25 12:24:18.352393,70.81576807869939,0.014077407415812166,1
2025-06-25 12:24:28.352393,83.09038083724994,0.002073178081677507,-1
2025-06-25 12:24:38.352393,69.61769639808693,0.020545818849117936,1
2025-06-25 12:24:48.352393,72.61324338320186,0.019275837382674813,1
2025-06-25 12:24:58.352393,60.76398940742186,0.0023247819735682067,-1
2025-06-25 12:25:08.352393,64.79307907559627,0.022989353847968023,1
2025-06-25 12:25:18.352393,87.57943273888615,0.0019619899479696827,-1
2025-06-25 12:25:28.352393,78.96845186905614,0.011851966802696328,1
2025-06-25 12:25:38.352393,77.56866602719671,0.016424149072183855,1
2025-06-25 12:25:48.352393,73.68003043110774,0.016716557698426705,1
2025-06-25 12:25:58.352393,68.13274339531068,0.015215376022404324,1
2025-06-25 12:26:08.352393,71.07572413422278,0.017823241520419843,1
2025-06-25 12:26:18.352393,75.68815790650372,0.015393302220789893,1
2025-06-25 12:26:28.352393,67.30744548049228,0.020666838333734873,1
2025-06-25 12:26:38.352393,71.41133781953809,0.02085085511492087,1
2025-06-25 12:26:48.352393,73.16571926505573,0.013386904896669894,1
2025-06-25 12:26:58.352393,73.37693856571187,0.014601667934420609,1
2025-06-25 12:27:08.352393,75.24768632848516,0.020581135619753523,1
2025-06-25 12:27:18.352393,86.61296242088721,0.033574648063981985,-1
2025-06-25 12:27:28.352393,67.76120060887528,0.012709990547869802,1
2025-06-25 12:27:38.352393,70.10279617524616,0.018341676624283973,1
2025-06-25 12:27:48.352393,73.51157679649073,0.012801009863914026,1
2025-06-25 12:27:58.352393,70.75567321460557,0.01993181098147214,1
2025-06-25 12:28:08.352393,67.44801939713429,0.022303366775101106,1
2025-06-25 12:28:18.352393,72.06752822128263,0.020264646417901076,1
2025-06-25 12:28:28.352393,75.01265456845168,0.017261014351158514,1
2025-06-25 12:28:38.352393,71.97379286471927,0.023340020375062488,1
2025-06-25 12:28:48.352393,73.87665034966223,0.014401903371766684,1
2025-06-25 12:28:58.352393,70.03218264646262,0.016465247400366888,1
2025-06-25 12:29:08.352393,73.19672002634235,0.013853385260977166,1
2025-06-25 12:29:18.352393,73.01917984426663,0.02108523499889067,1
2025-06-25 12:29:28.352393,72.34792139370585,0.016866790836929522,1
2025-06-25 12:29:38.352393,75.1919698977013,0.013177915586740474,1
2025-06-25 12:29:48.352393,76.50542115554411,0.015557581959910678,1
2025-06-25 12:29:58.352393,71.8215015575611,0.01887151592866272,1
2025-06-25 12:30:08.352393,71.19279351195176,0.018429484880677322,1
2025-06-25 12:30:18.352393,69.974514685617,0.018664610592317835,1
2025-06-25 12:30:28.352393,88.15206736407947,0.004607860182442535,-1
2025-06-25 12:30:38.352393,65.77544676744971,0.01873936568400391,1
2025-06-25 12:30:48.352393,72.69000082037547,0.020071706109955692,1
2025-06-25 12:30:58.352393,71.18967739693794,0.017622560899783108,1
2025-06-25 12:31:08.352393,76.43575880027612,0.019973413401383356,1
2025-06-25 12:31:18.352393,76.65009880002678,0.015760535094604195,1
2025-06-25 12:31:28.352393,70.31140808030008,0.014278842373189039,1
2025-06-25 12:31:38.352393,70.59314193619696,0.01854324324387861,1
2025-06-25 12:31:48.352393,70.68506122053914,0.01728301833981046,1
2025-06-25 12:31:58.352393,91.27859257028952,0.030510510118536435,-1
2025-06-25 12:32:08.352393,68.86902206106372,0.02108692745078945,1
2025-06-25 12:32:18.352393,70.4604790107559,0.011653700914793386,1
2025-06-25 12:32:28.352393,76.54586644591541,0.018886696327588357,1
2025-06-25 12:32:38.352393,74.75876587502594,0.01744482265477149,1
2025-06-25 12:32:48.352393,68.40206131675204,0.017791553039491894,1
2025-06-25 12:32:58.352393,73.56701006972472,0.012164225187654809,1
2025-06-25 12:33:08.352393,62.89754922816359,0.008533120978753972,1
2025-06-25 12:33:18.352393,76.073725833665,0.011904036402935612,1
2025-06-25 12:33:28.352393,71.07316600424657,0.017363836766053495,1
2025-06-25 12:33:38.352393,66.75676244306999,0.02036840011348218,1
2025-06-25 12:33:48.352393,75.67128552355086,0.019756907930620828,1
2025-06-25 12:33:58.352393,51.3043454383652,0.0012377714988980153,-1
2025-06-25 12:34:08.352393,74.74288620903583,0.02259794126526979,1
2025-06-25 12:34:18.352393,72.47331485477542,0.016753207796537252,1
2025-06-25 12:34:28.352393,76.77341572508192,0.015149839605819249,1
2025-06-25 12:34:38.352393,77.65890945451412,0.020034415435803164,1
2025-06-25 12:34:48.352393,69.97597567592621,0.016232192326056816,1
2025-06-25 12:34:58.352393,67.7072430505303,0.017818129093488008,1
2025-06-25 12:35:08.352393,85.03778325294859,0.0007387145803894705,-1
2025-06-25 12:35:18.352393,76.92143297990833,0.016290616481823245,1
2025-06-25 12:35:28.352393,70.80301808013888,0.01956504325855339,1
2025-06-25 12:35:38.352393,51.4103762511167,0.03235677585173072,-1
2025-06-25 12:35:48.352393,70.78766287466007,0.019498653033114304,1
2025-06-25 12:35:58.352393,76.41185308888205,0.018219679190580096,1
2025-06-25 12:36:08.352393,71.31681870152697,0.0156636771660342,1
2025-06-25 12:36:18.352393,70.32358150627796,0.02227208271783064,1
2025-06-25 12:36:28.352393,70.90134849266394,0.0181909766281336,1
2025-06-25 12:36:38.352393,69.11035467003977,0.016350279001137225,1
2025-06-25 12:36:48.352393,71.57457365384371,0.019931473466664757,1
2025-06-25 12:36:58.352393,70.54380508998818,0.01888800466958613,1
2025-06-25 12:37:08.352393,57.600512098342065,0.03574918646361743,-1
2025-06-25 12:37:18.352393,72.35622293868741,0.019493592941500906,1
2025-06-25 12:37:28.352393,73.49633366589846,0.019194703054813224,1
2025-06-25 12:37:38.352393,75.10622738551577,0.02168054653355739,1
2025-06-25 12:37:48.352393,67.83944089981432,0.022250713400126913,1
2025-06-25 12:37:58.352393,93.22867153151445,0.029334154366016635,-1
2025-06-25 12:38:08.352393,74.24404873670382,0.020809661677651227,1
2025-06-25 12:38:18.352393,70.44809153205912,0.015297130190250878,1
2025-06-25 12:38:28.352393,72.28655529658025,0.018058651865488877,1
2025-06-25 12:38:38.352393,72.98581945036749,0.017710832489094344,1
2025-06-25 12:38:48.352393,72.95004747415165,0.015536402959767558,1
2025-06-25 12:38:58.352393,72.12183859139958,0.021327109733507904,1
2025-06-25 12:39:08.352393,75.98575861217536,0.018252971783890685,1
2025-06-25 12:39:18.352393,78.4045742557751,0.0125944623660261,1
2025-06-25 12:39:28.352393,72.52600744961623,0.022199866511114365,1
2025-06-25 12:39:38.352393,70.96834612907838,0.022227816389093196,1
2025-06-25 12:39:48.352393,73.54122533895672,0.019279957339168454,1
2025-06-25 12:39:58.352393,66.60639444251703,0.022705485971094792,1
2025-06-25 12:40:08.352393,89.36340316121915,0.005192820072652876,-1
2025-06-25 12:40:18.352393,69.55191584091013,0.018628758099296122,1
2025-06-25 12:40:28.352393,74.3213297400871,0.0172066399626863,1
2025-06-25 12:40:38.352393,67.8931643126091,0.012160795559405208,1
2025-06-25 12:40:48.352393,72.29164513883966,0.022945691061944978,1
2025-06-25 12:40:58.352393,69.1529143755828,0.021534575877258703,1
2025-06-25 12:41:08.352393,85.11407270256606,0.0012746608493125408,-1
2025-06-25 12:41:18.352393,67.5494063548891,0.019380087168470686,1
2025-06-25 12:41:28.352393,72.37100628378708,0.019604523367656505,1
2025-06-25 12:41:38.352393,71.90619419858567,0.01403268829195516,1
2025-06-25 12:41:48.352393,75.80746702057169,0.01396334024164626,1
2025-06-25 12:41:58.352393,70.61886472229905,0.01732625359181278,1
2025-06-25 12:42:08.352393,71.98577028939646,0.02087709184512239,1
2025-06-25 12:42:18.352393,73.3602285545382,0.02015482029665265,1
2025-06-25 12:42:28.352393,81.20208044566331,0.021107034138038064,1
2025-06-25 12:42:38.352393,71.25905169399053,0.018190985515905325,1
2025-06-25 12:42:48.352393,70.92219229024766,0.018599457607668575,1
2025-06-25 12:42:58.352393,75.47407397069381,0.013938703146098394,1
2025-06-25 12:43:08.352393,73.52688233513706,0.01590768141750925,1
2025-06-25 12:43:18.352393,66.26795607096437,0.014823855511029141,1
2025-06-25 12:43:28.352393,77.36274333600072,0.019248703027110778,1
2025-06-25 12:43:38.352393,72.88295939128633,0.01833533032504249,1
2025-06-25 12:43:48.352393,73.30259442335509,0.018835092230696376,1
2025-06-25 12:43:58.352393,70.90059877966388,0.01659756108890752,1
2025-06-25 12:44:08.352393,69.44820262098486,0.018293058249691584,1
2025-06-25 12:44:18.352393,70.36343190157659,0.019952052467948567,1
2025-06-25 12:44:28.352393,69.39450605490524,0.01689360088744042,1
2025-06-25 12:44:38.352393,68.8117158966045,0.011828510132155638,1
2025-06-25 12:44:48.352393,71.6633685654482,0.01625994011791973,1
2025-06-25 12:44:58.352393,83.31184992190218,0.036473755787855125,-1
2025-06-25 12:45:08.352393,77.3688851462462,0.016068790752893223,1
2025-06-25 12:45:18.352393,77.25563995418625,0.017059803435625787,1
2025-06-25 12:45:28.352393,72.38288497333042,0.01260759973618996,1
2025-06-25 12:45:38.352393,65.72397712686706,0.015188411331753195,1
2025-06-25 12:45:48.352393,75.16527328087885,0.027387203360260688,1
2025-06-25 12:45:58.352393,73.11091081954436,0.017080459615952146,1
2025-06-25 12:46:08.352393,72.30651249159556,0.018492830826822373,1
2025-06-25 12:46:18.352393,69.84628609575176,0.02080220102733555,1
2025-06-25 12:46:28.352393,73.06030855004738,0.02776716382138941,1
2025-06-25 12:46:38.352393,71.22831143524847,0.024474883102187196,1
2025-06-25 12:46:48.352393,71.16246230905546,0.01965865371478321,1
2025-06-25 12:46:58.352393,73.56345602168878,0.019298392153395835,1
2025-06-25 12:47:08.352393,72.89482516728916,0.01651070957987393,1
2025-06-25 12:47:18.352393,64.63456528404303,0.017079630899827673,1
2025-06-25 12:47:28.352393,72.01759957072785,0.01650829988542548,1
2025-06-25 12:47:38.352393,63.3432850991281,0.01837604624942494,1
2025-06-25 12:47:48.352393,71.8098019014497,0.016066746777510302,1
2025-06-25 12:47:58.352393,73.53363932350888,0.020485391572825383,1
2025-06-25 12:48:08.352393,80.96363182045947,0.01612662160023156,1
2025-06-25 12:48:18.352393,77.31017442141095,0.010996093483704509,1
2025-06-25 12:48:28.352393,80.85266751781622,0.01725576038964119,1
2025-06-25 12:48:38.352393,77.8929262302766,0.015485329974807062,1
2025-06-25 12:48:48.352393,76.56048017541055,0.014846760123877497,1
2025-06-25 12:48:58.352393,60.627158760811795,0.03125535086044495,-1
2025-06-25 12:49:08.352393,60.36219128743176,0.029597062887428062,-1
2025-06-25 12:49:18.352393,72.46857890281655,0.019384081507587185,1
2025-06-25 12:49:28.352393,72.99265174046376,0.017423835739304755,1
2025-06-25 12:49:38.352393,73.91886322866974,0.0168747894551759,1
2025-06-25 12:49:48.352393,73.61796276205162,0.012887928552509845,1
2025-06-25 12:49:58.352393,87.63641485556929,0.007761395674841166,-1
2025-06-25 12:50:08.352393,78.43497191981388,0.016091356361876655,1
2025-06-25 12:50:18.352393,72.30962447402844,0.022029890791860074,1
2025-06-25 12:50:28.352393,74.82229436280446,0.01749418334656782,1
2025-06-25 12:50:38.352393,75.69173426115194,0.01679262644819101,1
2025-06-25 12:50:48.352393,72.51575942439874,0.01866811491108896,1
2025-06-25 12:50:58.352393,71.33825269834858,0.017363432275079405,1
2025-06-25 12:51:08.352393,70.81385275994955,0.019361435346271216,1
2025-06-25 12:51:18.352393,67.56514343401297,0.015116053967251509,1
2025-06-25 12:51:28.352393,74.79210436170958,0.023302430826370152,1
2025-06-25 12:51:38.352393,75.29404433463614,0.016653286800737088,1
2025-06-25 12:51:48.352393,73.26612401919095,0.02061677109082644,1
2025-06-25 12:51:58.352393,69.6863996824248,0.01978018357691115,1
2025-06-25 12:52:08.352393,62.73315375021625,0.0170505554696362,1
2025-06-25 12:52:18.352393,70.5027671007125,0.02018502690379267,1
2025-06-25 12:52:28.352393,72.91853308087519,0.016257552924954073,1
2025-06-25 12:52:38.352393,77.23422307686313,0.012682506581937085,1
2025-06-25 12:52:48.352393,73.89219653240207,0.016410765485917835,1
2025-06-25 12:52:58.352393,64.71727938862342,0.024253973700230594,1
2025-06-25 12:53:08.352393,71.0319986467086,0.014034976785847546,1
2025-06-25 12:53:18.352393,74.0231912431191,0.018153414602247765,1
2025-06-25 12:53:28.352393,84.23390493319243,0.031510462162674016,-1
2025-06-25 12:53:38.352393,57.778266820567254,0.03398320507637686,-1
2025-06-25 12:53:48.352393,76.57323796155674,0.01911752768581534,1
2025-06-25 12:53:58.352393,67.61905222941276,0.014896734900617322,1
2025-06-25 12:54:08.352393,67.38154440510093,0.018127992049528377,1
2025-06-25 12:54:18.352393,70.6335605800844,0.0163576550199534,1
2025-06-25 12:54:28.352393,74.74088570219163,0.013860314769115258,1
2025-06-25 12:54:38.352393,77.34483563823774,0.02260456668248715,1
2025-06-25 12:54:48.352393,75.20206036017834,0.01776868590088877,1
2025-06-25 12:54:58.352393,49.225173140915494,0.0023470171589779973,-1
2025-06-25 12:55:08.352393,75.92895607144601,0.01644842305612413,1
2025-06-25 12:55:18.352393,65.56045531622736,0.016304220479236315,1
2025-06-25 12:55:28.352393,74.45235103584312,0.017635649080787526,1
2025-06-25 12:55:38.352393,68.44353950108236,0.021089563619387096,1
2025-06-25 12:55:48.352393,71.01926111507719,0.0194063469411154,1
2025-06-25 12:55:58.352393,75.02916603458296,0.017772339811280822,1
2025-06-25 12:56:08.352393,69.10173945485508,0.00892285070579609,1
2025-06-25 12:56:18.352393,74.66637894300575,0.017350570711386116,1
2025-06-25 12:56:28.352393,76.40621911822541,0.01613482407157252,1
2025-06-25 12:56:38.352393,71.43315350091741,0.022762065249483935,1
2025-06-25 12:56:48.352393,69.26032250765434,0.0159777911252563,1
2025-06-25 12:56:58.352393,68.63914476056378,0.011186532685240808,1
2025-06-25 12:57:08.352393,71.73206064285546,0.010891216219732549,1
2025-06-25 12:57:18.352393,72.4931096016988,0.018926334427107276,1
2025-06-25 12:57:28.352393,74.88877734835417,0.017345003052121617,1
2025-06-25 12:57:38.352393,67.76070205306803,0.01658608754732464,1
2025-06-25 12:57:48.352393,70.94066080371917,0.017191607025603007,1
2025-06-25 12:57:58.352393,76.62355699822659,0.020423162182956284,1
2025-06-25 12:58:08.352393,77.42746001126615,0.024035110430990055,1
2025-06-25 12:58:18.352393,67.01896591028957,0.013266417965562884,1
